eval_loss,eval_accuracy,eval_precision,eval_recall,eval_f1
0.4640427827835083,0.8516174402250352,0.8521258174249741,0.8516174402250352,0.8514167328493748
